"Topic","Tex","Status"
"01-集合与逻辑","01-集合与逻辑-2016-2025高考真题汇编-答案版.tex","complete"
"01-集合与逻辑","01-集合与逻辑-2016-2025高考真题汇编-试卷版.tex","complete"
"02-一元二次函数、方程和不等式","02-一元二次函数、方程和不等式-2016-2025高考真题汇编-答案版.tex","complete"
"02-一元二次函数、方程和不等式","02-一元二次函数、方程和不等式-2016-2025高考真题汇编-试卷版.tex","complete"
"03-函数","03-函数-2016-2025高考真题汇编-答案版.tex","complete"
"03-函数","03-函数-2016-2025高考真题汇编-试卷版.tex","complete"
"04-三角函数","04-三角函数-2016-2025高考真题汇编-答案版.tex","complete"
"04-三角函数","04-三角函数-2016-2025高考真题汇编-试卷版.tex","complete"
"05-平面向量与解三角形","05-平面向量与解三角形-2016-2025高考真题汇编-答案版.tex","complete"
"05-平面向量与解三角形","05-平面向量与解三角形-2016-2025高考真题汇编-试卷版.tex","complete"
"06-复数","06-复数-2016-2025高考真题汇编-答案版.tex","complete"
"06-复数","06-复数-2016-2025高考真题汇编-试卷版.tex","complete"
"07-立体几何","07-立体几何-2016-2025高考真题汇编-答案版.tex","complete"
"07-立体几何","07-立体几何-2016-2025高考真题汇编-试卷版.tex","complete"
"08-平面解析几何","08-平面解析几何-2016-2025高考真题汇编-答案版.tex","complete"
"08-平面解析几何","08-平面解析几何-2016-2025高考真题汇编-试卷版.tex","complete"
"09-数列","09-数列-2016-2025高考真题汇编-答案版.tex","complete"
"09-数列","09-数列-2016-2025高考真题汇编-试卷版.tex","complete"
"10-导数","10-导数-2016-2025高考真题汇编-答案版.tex","complete"
"10-导数","10-导数-2016-2025高考真题汇编-试卷版.tex","complete"
"11-计数原理","11-计数原理-2016-2025高考真题汇编-答案版.tex","complete"
"11-计数原理","11-计数原理-2016-2025高考真题汇编-试卷版.tex","complete"
"12-统计与概率","12-统计与概率-2016-2025高考真题汇编-答案版.tex","complete"
"12-统计与概率","12-统计与概率-2016-2025高考真题汇编-试卷版.tex","complete"
