"Number","Topic","Questions","PaperPages","AnswerPages","Assets","Folder"
"1","集合与逻辑","89","13","24","1","01-集合与逻辑"
"2","一元二次函数、方程和不等式","95","18","43","17","02-一元二次函数、方程和不等式"
"3","函数","154","25","59","19","03-函数"
"4","三角函数","111","16","38","8","04-三角函数"
"5","平面向量与解三角形","138","18","50","5","05-平面向量与解三角形"
"6","复数","71","8","16","0","06-复数"
"7","立体几何","199","51","117","85","07-立体几何"
"8","平面解析几何","280","48","148","15","08-平面解析几何"
"9","数列","125","20","59","7","09-数列"
"10","导数","104","14","60","0","10-导数"
"11","计数原理","44","7","15","5","11-计数原理"
"12","统计与概率","167","51","91","45","12-统计与概率"
